{"count":1,"self":401.73015039999996,"total":417.35074299999997,"children":{"InitializeActuators":{"count":6,"self":0.001402,"total":0.001402,"children":null},"InitializeSensors":{"count":6,"self":0.001508,"total":0.001508,"children":null},"AgentSendState":{"count":43752,"self":0.297137,"total":2.692793,"children":{"CollectObservations":{"count":2188,"self":1.5057829999999999,"total":1.5057829999999999,"children":null},"WriteActionMask":{"count":2188,"self":0.004837,"total":0.004837,"children":null},"RequestDecision":{"count":2188,"self":0.024433999999999997,"total":0.88503599999999993,"children":{"AgentInfo.ToProto":{"count":2188,"self":0.019406,"total":0.860602,"children":{"GenerateSensorData":{"count":2188,"self":0.84119599999999994,"total":0.84119599999999994,"children":null}}}}}}},"DecideAction":{"count":43752,"self":12.348543999999999,"total":12.348543999999999,"children":null},"AgentAct":{"count":43752,"self":0.48597999999999997,"total":0.57446,"children":{"AgentInfo.ToProto":{"count":210,"self":0.0018349999999999998,"total":0.088479999999999989,"children":{"GenerateSensorData":{"count":210,"self":0.086645,"total":0.086645,"children":null}}}}},"AgentInfo.ToProto":{"count":2,"self":3.2E-05,"total":0.000721,"children":{"GenerateSensorData":{"count":2,"self":0.00068899999999999994,"total":0.00068899999999999994,"children":null}}}},"gauges":{"PacmanAgent.CumulativeReward":{"count":210,"max":550,"min":-350,"runningAverage":-30.7142887,"value":-50,"weightedAverage":-103.325287}},"metadata":{"timer_format_version":"0.1.0","start_time_seconds":"1625835397","unity_version":"2020.3.13f1","command_line_arguments":"\/Applications\/Unity\/Hub\/Editor\/2020.3.13f1\/Unity.app\/Contents\/MacOS\/Unity -projectpath \/Users\/giorgos.petkakis\/Documents\/GitHub\/The-Pacman-Coop -useHub -hubIPC -cloudEnvironment production -hubSessionId cc49fd10-e018-11eb-9430-27cd0ec0d905 -accessToken 1IBzA6RF_tvdNrI9RuCk6Q09IMm73j3fSW1U1oh68VE005f","communication_protocol_version":"1.5.0","com.unity.ml-agents_version":"2.0.0-pre.3","scene_name":"MenuPrincipal","end_time_seconds":"1625835814"}}