{
    "name": "root",
    "metadata": {
        "timer_format_version": "0.1.0",
        "start_time_seconds": "1625815168",
        "python_version": "3.9.5 (default, May  4 2021, 03:36:27) \n[Clang 12.0.0 (clang-1200.0.32.29)]",
        "command_line_arguments": "/usr/local/bin/mlagents-learn configuration.yml --run-id=test2",
        "mlagents_version": "0.27.0",
        "mlagents_envs_version": "0.27.0",
        "communication_protocol_version": "1.5.0",
        "pytorch_version": "1.9.0",
        "numpy_version": "1.21.0",
        "end_time_seconds": "1625815301"
    },
    "total": 133.378235567,
    "count": 1,
    "self": 0.00485370100000182,
    "children": {
        "run_training.setup": {
            "total": 0.03950018899999996,
            "count": 1,
            "self": 0.03950018899999996
        },
        "TrainerController.start_learning": {
            "total": 133.333881677,
            "count": 1,
            "self": 0.030809834000109504,
            "children": {
                "TrainerController._reset_env": {
                    "total": 21.191187829,
                    "count": 1,
                    "self": 21.191187829
                },
                "TrainerController.advance": {
                    "total": 111.9923671669999,
                    "count": 1704,
                    "self": 0.027962838999854966,
                    "children": {
                        "env_step": {
                            "total": 111.79613133899991,
                            "count": 1704,
                            "self": 110.52165479100002,
                            "children": {
                                "SubprocessEnvManager._take_step": {
                                    "total": 1.2554249820001715,
                                    "count": 1704,
                                    "self": 0.06881837000001312,
                                    "children": {
                                        "TorchPolicy.evaluate": {
                                            "total": 1.1866066120001584,
                                            "count": 1655,
                                            "self": 0.34617047599989803,
                                            "children": {
                                                "TorchPolicy.sample_actions": {
                                                    "total": 0.8404361360002603,
                                                    "count": 1655,
                                                    "self": 0.8404361360002603
                                                }
                                            }
                                        }
                                    }
                                },
                                "workers": {
                                    "total": 0.019051565999724573,
                                    "count": 1703,
                                    "self": 0.0,
                                    "children": {
                                        "worker_root": {
                                            "total": 111.97606547199965,
                                            "count": 1703,
                                            "is_parallel": true,
                                            "self": 2.767007163999182,
                                            "children": {
                                                "steps_from_proto": {
                                                    "total": 0.003483262999999681,
                                                    "count": 1,
                                                    "is_parallel": true,
                                                    "self": 0.0016447880000036719,
                                                    "children": {
                                                        "_process_rank_one_or_two_observation": {
                                                            "total": 0.0018384749999960093,
                                                            "count": 4,
                                                            "is_parallel": true,
                                                            "self": 0.0018384749999960093
                                                        }
                                                    }
                                                },
                                                "UnityEnvironment.step": {
                                                    "total": 109.20557504500047,
                                                    "count": 1703,
                                                    "is_parallel": true,
                                                    "self": 0.1735725270001609,
                                                    "children": {
                                                        "UnityEnvironment._generate_step_input": {
                                                            "total": 0.0834029980000075,
                                                            "count": 1703,
                                                            "is_parallel": true,
                                                            "self": 0.0834029980000075
                                                        },
                                                        "communicator.exchange": {
                                                            "total": 108.2847600290001,
                                                            "count": 1703,
                                                            "is_parallel": true,
                                                            "self": 108.2847600290001
                                                        },
                                                        "steps_from_proto": {
                                                            "total": 0.663839491000207,
                                                            "count": 1703,
                                                            "is_parallel": true,
                                                            "self": 0.3099239139997074,
                                                            "children": {
                                                                "_process_rank_one_or_two_observation": {
                                                                    "total": 0.3539155770004996,
                                                                    "count": 6812,
                                                                    "is_parallel": true,
                                                                    "self": 0.3539155770004996
                                                                }
                                                            }
                                                        }
                                                    }
                                                }
                                            }
                                        }
                                    }
                                }
                            }
                        },
                        "trainer_advance": {
                            "total": 0.16827298900013332,
                            "count": 1703,
                            "self": 0.037582017999998385,
                            "children": {
                                "process_trajectory": {
                                    "total": 0.13069097100013494,
                                    "count": 1703,
                                    "self": 0.13069097100013494
                                }
                            }
                        }
                    }
                },