{
    "name": "root",
    "gauges": {
        "PacmanAgent.Policy.Entropy.mean": {
            "value": 1.6094259023666382,
            "min": 1.6094224452972412,
            "max": 1.609433650970459,
            "count": 205
        },
        "PacmanAgent.Policy.Entropy.sum": {
            "value": 88.51842498779297,
            "min": 35.40735626220703,
            "max": 146.45831298828125,
            "count": 205
        },
        "PacmanAgent.Environment.EpisodeLength.mean": {
            "value": 26.5,
            "min": 21.0,
            "max": 40.0,
            "count": 205
        },
        "PacmanAgent.Environment.EpisodeLength.sum": {
            "value": 53.0,
            "min": 21.0,
            "max": 83.0,
            "count": 205
        },
        "PacmanAgent.IsTraining.mean": {
            "value": 1.0,
            "min": 1.0,
            "max": 1.0,
            "count": 205
        },
        "PacmanAgent.IsTraining.sum": {
            "value": 1.0,
            "min": 1.0,
            "max": 1.0,
            "count": 205
        },
        "PacmanAgent.Step.mean": {
            "value": 22877.0,
            "min": 12737.0,
            "max": 22877.0,
            "count": 204
        },
        "PacmanAgent.Step.sum": {
            "value": 22877.0,
            "min": 12737.0,
            "max": 22877.0,
            "count": 204
        },
        "PacmanAgent.Policy.ExtrinsicValueEstimate.mean": {
            "value": 0.08377565443515778,
            "min": 0.06816423684358597,
            "max": 0.1122710183262825,
            "count": 204
        },
        "PacmanAgent.Policy.ExtrinsicValueEstimate.sum": {
            "value": 0.16755130887031555,
            "min": 0.06816423684358597,
            "max": 0.25322601199150085,
            "count": 204
        },
        "PacmanAgent.Environment.CumulativeReward.mean": {
            "value": -373.5,
            "min": -533.0,
            "max": -84.0,
            "count": 204
        },
        "PacmanAgent.Environment.CumulativeReward.sum": {
            "value": -747.0,
            "min": -1065.0,
            "max": -84.0,
            "count": 204
        },
        "PacmanAgent.Policy.ExtrinsicReward.mean": {
            "value": -7470.0,
            "min": -10660.0,
            "max": -1680.0,
            "count": 204
        },
        "PacmanAgent.Policy.ExtrinsicReward.sum": {
            "value": -14940.0,
            "min": -21300.0,
            "max": -1680.0,
            "count": 204
        }
    },
    "metadata": {
        "timer_format_version": "0.1.0",
        "start_time_seconds": "1625816582",
        "python_version": "3.9.5 (default, May  4 2021, 03:36:27) \n[Clang 12.0.0 (clang-1200.0.32.29)]",
        "command_line_arguments": "/usr/local/bin/mlagents-learn configuration.yml --run-id=test3",
        "mlagents_version": "0.27.0",
        "mlagents_envs_version": "0.27.0",
        "communication_protocol_version": "1.5.0",
        "pytorch_version": "1.9.0",
        "numpy_version": "1.21.0",
        "end_time_seconds": "1625817130"
    },
    "total": 547.8327274869999,
    "count": 1,
    "self": 0.005666184000006069,
    "children": {
        "run_training.setup": {
            "total": 0.03418167900000002,
            "count": 1,
            "self": 0.03418167900000002
        },
        "TrainerController.start_learning": {
            "total": 547.792879624,
            "count": 1,
            "self": 0.19157740900004683,
            "children": {
                "TrainerController._reset_env": {
                    "total": 8.075640777,
                    "count": 1,
                    "self": 8.075640777
                },
                "TrainerController.advance": {
                    "total": 539.4754845409999,
                    "count": 10612,
                    "self": 0.19403132799857303,
                    "children": {
                        "env_step": {
                            "total": 534.6961284770025,
                            "count": 10612,
                            "self": 526.7836422300035,
                            "children": {
                                "SubprocessEnvManager._take_step": {
                                    "total": 7.780266593999254,
                                    "count": 10612,
                                    "self": 0.4369344670024997,
                                    "children": {
                                        "TorchPolicy.evaluate": {
                                            "total": 7.343332126996755,
                                            "count": 10335,
                                            "self": 2.16490512899661,
                                            "children": {
                                                "TorchPolicy.sample_actions": {
                                                    "total": 5.178426998000145,
                                                    "count": 10335,
                                                    "self": 5.178426998000145
                                                }
                                            }
                                        }
                                    }
                                },
                                "workers": {
                                    "total": 0.13221965299979388,
                                    "count": 10611,
                                    "self": 0.0,
                                    "children": {
                                        "worker_root": {
                                            "total": 539.2979584309998,
                                            "count": 10611,
                                            "is_parallel": true,
                                            "self": 20.767923309002526,
                                            "children": {
                                                "steps_from_proto": {
                                                    "total": 0.0005733469999995577,
                                                    "count": 1,
                                                    "is_parallel": true,
                                                    "self": 0.00028643500000136157,
                                                    "children": {
                                                        "_process_rank_one_or_two_observation": {
                                                            "total": 0.00028691199999819617,
                                                            "count": 4,
                                                            "is_parallel": true,
                                                            "self": 0.00028691199999819617
                                                        }
                                                    }
                                                },
                                                "UnityEnvironment.step": {
                                                    "total": 518.5294617749972,
                                                    "count": 10611,
                                                    "is_parallel": true,
                                                    "self": 1.145210456995983,
                                                    "children": {
                                                        "UnityEnvironment._generate_step_input": {
                                                            "total": 0.5301614950006037,
                                                            "count": 10611,
                                                            "is_parallel": true,
                                                            "self": 0.5301614950006037
                                                        },